{
    "pools": [
        {
            "rolls": 1,
            "entries": [
                {
                    "type": "minecraft:item",
                    "name": "minecraft:paper",
                    "functions": [
                        {
                            "function": "minecraft:set_name",
                            "entity": "this",
                            "name": {
                                "nbt": "page0.s26.Name",
                                "storage": "swrg:lang",
                                "interpret": true,
                                "source": "storage",
                                "type": "nbt"
                            }
                        }
                    ]
                }
            ],
            "functions": [
                {
                    "function": "minecraft:set_lore",
                    "entity": "this",
                    "lore": [
                        {
                            "nbt": "page0.s26.Lore[0]",
                            "storage": "swrg:lang",
                            "interpret": true,
                            "source": "storage",
                            "type": "nbt"
                        },
                        {
                            "nbt": "page0.s26.Lore[1]",
                            "storage": "swrg:lang",
                            "interpret": true,
                            "source": "storage",
                            "type": "nbt"
                        },
                        {
                            "nbt": "page0.s26.Lore[2]",
                            "storage": "swrg:lang",
                            "interpret": true,
                            "source": "storage",
                            "type": "nbt"
                        },
                        {
                            "nbt": "page0.s26.Lore[3]",
                            "storage": "swrg:lang",
                            "interpret": true,
                            "source": "storage",
                            "type": "nbt"
                        }
                    ],
                    "mode": "replace_all"
                }
            ]
        }
    ]
}