{
    "pools": [
        {
            "rolls": 1,
            "entries": [
                {
                    "type": "minecraft:item",
                    "name": "minecraft:gold_ingot",
                    "functions": [
                        {
                            "function": "minecraft:set_name",
                            "entity": "this",
                            "name": {
                                "nbt": "page0.s6",
                                "storage": "swrg:lang",
                                "interpret": true,
                                "source": "storage",
                                "type": "nbt"
                            }
                        },
                        {
                            "function": "minecraft:set_lore",
                            "entity": "this",
                            "lore": [
                                {
                                    "nbt": "gui.balance",
                                    "storage": "swrg:lang",
                                    "interpret": true,
                                    "color": "white",
                                    "extra": [
                                        {
                                            "score": {
                                                "name": "@s",
                                                "objective": "swrg.coins"
                                            },
                                            "color": "gold",
                                            "type": "score"
                                        }
                                    ],
                                    "source": "storage",
                                    "type": "nbt"
                                }
                            ],
                            "mode": "replace_all"
                        }
                    ]
                }
            ]
        }
    ]
}