{
    "pools": [
        {
            "rolls": 1,
            "entries": [
                {
                    "type": "minecraft:item",
                    "name": "minecraft:smooth_stone_slab",
                    "functions": [
                        {
                            "function": "minecraft:set_name",
                            "entity": "this",
                            "name": {
                                "nbt": "kit.d3",
                                "storage": "swrg:lang",
                                "interpret": true,
                                "source": "storage",
                                "type": "nbt"
                            }
                        },
                        {
                            "function": "minecraft:set_custom_data",
                            "tag": "{HideFlags:127,rewardkit:20}"
                        }
                    ]
                }
            ]
        }
    ]
}