{
    "pools": [
        {
            "rolls": 1,
            "entries": [
                {
                    "type": "minecraft:item",
                    "name": "minecraft:barrier"
                }
            ],
            "functions": [
                {
                    "function": "minecraft:set_name",
                    "entity": "this",
                    "name": {
                        "nbt": "page1000.s10.Name",
                        "storage": "swrg:lang",
                        "interpret": true,
                        "source": "storage",
                        "type": "nbt"
                    }
                }
            ]
        }
    ]
}