{
    "pools": [
        {
            "rolls": 1,
            "entries": [
                {
                    "type": "minecraft:item",
                    "name": "minecraft:glass"
                }
            ],
            "functions": [
                {
                    "function": "minecraft:set_components",
                    "components": {
                        "minecraft:hide_additional_tooltip": {}
                    }
                },
                {
                    "function": "minecraft:set_name",
                    "entity": "this",
                    "name": {
                        "nbt": "page7200.s0.Name",
                        "storage": "swrg:lang",
                        "interpret": true,
                        "source": "storage",
                        "type": "nbt"
                    }
                }
            ]
        }
    ]
}