{
    "pools": [
        {
            "rolls": 1,
            "entries": [
                {
                    "type": "minecraft:loot_table",
                    "weight": 1,
                    "value": "swrg:gui/roll/case3/select"
                },
                {
                    "type": "minecraft:loot_table",
                    "weight": 1,
                    "value": "swrg:gui/roll/coins/main"
                },
                {
                    "type": "minecraft:loot_table",
                    "weight": 1,
                    "value": "swrg:gui/roll/case1/select"
                },
                {
                    "type": "minecraft:loot_table",
                    "weight": 1,
                    "value": "swrg:gui/roll/case2/select"
                }
            ]
        }
    ]
}