[
    {
        "function": "minecraft:set_name",
        "entity": "this",
        "name": {
            "nbt": "gui.locked",
            "storage": "swrg:lang",
            "interpret": true,
            "source": "storage",
            "type": "nbt"
        }
    },
    {
        "function": "minecraft:set_lore",
        "entity": "this",
        "lore": [
            {
                "nbt": "gui.locked",
                "storage": "swrg:lang",
                "interpret": true,
                "source": "storage",
                "type": "nbt"
            }
        ],
        "mode": "replace_section"
    }
]