{
    "pools": [
        {
            "rolls": 1,
            "entries": [
                {
                    "type": "minecraft:loot_table",
                    "weight": 550,
                    "value": "swrg:gui/roll/case3/sounds/a/main"
                },
                {
                    "type": "minecraft:loot_table",
                    "weight": 350,
                    "value": "swrg:gui/roll/case3/sounds/b/main"
                },
                {
                    "type": "minecraft:loot_table",
                    "weight": 90,
                    "value": "swrg:gui/roll/case3/sounds/c/main"
                },
                {
                    "type": "minecraft:loot_table",
                    "weight": 10,
                    "value": "swrg:gui/roll/case3/sounds/d/main"
                }
            ],
            "functions": [
                {
                    "function": "minecraft:set_custom_data",
                    "tag": "{reward:\"sound\"}"
                },
                {
                    "function": "minecraft:set_components",
                    "components": {
                        "minecraft:jukebox_playable": {
                            "song": "5",
                            "show_in_tooltip": false
                        }
                    }
                }
            ]
        }
    ]
}