{
    "pools": [
        {
            "rolls": 1,
            "entries": [
                {
                    "type": "minecraft:item",
                    "name": "minecraft:stone_axe",
                    "functions": [
                        {
                            "function": "minecraft:set_components",
                            "components": {
                                "minecraft:hide_additional_tooltip": {},
                                "minecraft:attribute_modifiers": {
                                    "modifiers": [
                                        {
                                            "id": "damag2341231q24",
                                            "type": "minecraft:attack_damage",
                                            "amount": 0,
                                            "operation": "add_value",
                                            "slot": "mainhand"
                                        },
                                        {
                                            "id": "3uli4teyytetyerg",
                                            "type": "minecraft:attack_speed",
                                            "amount": 0,
                                            "operation": "add_value",
                                            "slot": "mainhand"
                                        }
                                    ],
                                    "show_in_tooltip": false
                                }
                            }
                        },
                        {
                            "function": "minecraft:set_lore",
                            "entity": "this",
                            "lore": [
                                {
                                    "nbt": "lore.skill.b3.Lore[0]",
                                    "storage": "swrg:lang",
                                    "interpret": true,
                                    "source": "storage",
                                    "type": "nbt"
                                }
                            ],
                            "mode": "replace_all"
                        },
                        {
                            "function": "minecraft:set_name",
                            "entity": "this",
                            "name": {
                                "nbt": "skill.b3",
                                "storage": "swrg:lang",
                                "interpret": true,
                                "source": "storage",
                                "type": "nbt"
                            }
                        }
                    ]
                }
            ]
        }
    ]
}