{
    "pools": [
        {
            "rolls": 1,
            "entries": [
                {
                    "type": "minecraft:item",
                    "name": "minecraft:blaze_rod",
                    "functions": [
                        {
                            "function": "minecraft:set_components",
                            "components": {
                                "minecraft:hide_additional_tooltip": {}
                            }
                        },
                        {
                            "function": "minecraft:set_lore",
                            "entity": "this",
                            "lore": [
                                {
                                    "nbt": "lore.skill.c1.Lore[0]",
                                    "storage": "swrg:lang",
                                    "interpret": true,
                                    "source": "storage",
                                    "type": "nbt"
                                }
                            ],
                            "mode": "replace_all"
                        },
                        {
                            "function": "minecraft:set_name",
                            "entity": "this",
                            "name": {
                                "nbt": "skill.c1",
                                "storage": "swrg:lang",
                                "interpret": true,
                                "source": "storage",
                                "type": "nbt"
                            }
                        }
                    ]
                }
            ]
        }
    ]
}