{
    "pools": [
        {
            "rolls": 27,
            "entries": [
                {
                    "type": "minecraft:item",
                    "name": "minecraft:sunflower",
                    "functions": [
                        {
                            "function": "minecraft:set_count",
                            "count": 1
                        },
                        {
                            "function": "minecraft:set_custom_data",
                            "tag": "{HideFlags:127,rewardcoin:1}"
                        }
                    ]
                }
            ],
            "functions": [
                {
                    "function": "minecraft:set_attributes",
                    "modifiers": [
                        {
                            "id": "minecraft:o98ert8943",
                            "attribute": "minecraft:spawn_reinforcements",
                            "amount": {
                                "min": 0,
                                "max": 1,
                                "type": "minecraft:uniform"
                            },
                            "operation": "add_value",
                            "slot": "mainhand"
                        }
                    ]
                },
                {
                    "function": "minecraft:set_lore",
                    "entity": "this",
                    "lore": [
                        {
                            "nbt": "rare.a",
                            "storage": "swrg:lang",
                            "interpret": true,
                            "source": "storage",
                            "type": "nbt"
                        }
                    ],
                    "mode": "replace_all"
                },
                {
                    "function": "minecraft:set_name",
                    "entity": "this",
                    "name": {
                        "nbt": "gui.coins",
                        "storage": "swrg:lang",
                        "interpret": true,
                        "color": "blue",
                        "extra": [
                            {
                                "text": " x20",
                                "type": "text"
                            }
                        ],
                        "source": "storage",
                        "type": "nbt"
                    }
                },
                {
                    "function": "minecraft:toggle_tooltips",
                    "toggles": {
                        "minecraft:attribute_modifiers": false
                    }
                }
            ]
        }
    ]
}