{
    "pools": [
        {
            "rolls": 27,
            "entries": [
                {
                    "type": "minecraft:item",
                    "name": "minecraft:sunflower",
                    "functions": [
                        {
                            "function": "minecraft:set_custom_data",
                            "tag": "{HideFlags:127,rewardcoin:3}"
                        }
                    ]
                }
            ],
            "functions": [
                {
                    "function": "minecraft:toggle_tooltips",
                    "toggles": {
                        "minecraft:attribute_modifiers": true
                    }
                },
                {
                    "function": "minecraft:set_attributes",
                    "modifiers": [
                        {
                            "attribute": "minecraft:spawn_reinforcements",
                            "id": "minecraft:e34tggrevervgsy",
                            "amount": {
                                "min": 0,
                                "max": 1,
                                "type": "minecraft:uniform"
                            },
                            "operation": "add_value",
                            "slot": "mainhand"
                        }
                    ]
                },
                {
                    "function": "minecraft:set_lore",
                    "entity": "this",
                    "lore": [
                        {
                            "nbt": "rare.c",
                            "storage": "swrg:lang",
                            "interpret": true,
                            "source": "storage",
                            "type": "nbt"
                        }
                    ],
                    "mode": "replace_all"
                },
                {
                    "function": "minecraft:set_name",
                    "entity": "this",
                    "name": {
                        "nbt": "gui.coins",
                        "storage": "swrg:lang",
                        "interpret": true,
                        "color": "light_purple",
                        "extra": [
                            {
                                "text": " x100",
                                "type": "text"
                            }
                        ],
                        "source": "storage",
                        "type": "nbt"
                    }
                },
                {
                    "function": "minecraft:toggle_tooltips",
                    "toggles": {
                        "minecraft:attribute_modifiers": false
                    }
                }
            ]
        }
    ]
}