{
    "pools": [
        {
            "rolls": 1,
            "entries": [
                {
                    "type": "minecraft:item",
                    "name": "minecraft:music_disc_11",
                    "functions": [
                        {
                            "function": "minecraft:set_components",
                            "components": {
                                "minecraft:jukebox_playable": {
                                    "show_in_tooltip": false,
                                    "song": "11"
                                }
                            }
                        },
                        {
                            "function": "minecraft:set_name",
                            "entity": "this",
                            "name": {
                                "nbt": "page7000.s12.Name",
                                "storage": "swrg:lang",
                                "interpret": true,
                                "source": "storage",
                                "type": "nbt"
                            }
                        }
                    ]
                }
            ]
        }
    ]
}