{
    "pools": [
        {
            "rolls": 1,
            "entries": [
                {
                    "type": "minecraft:loot_table",
                    "value": "swrg:gui/roll/case3/sounds/c/1"
                }
            ],
            "functions": [
                {
                    "function": "minecraft:set_lore",
                    "entity": "this",
                    "lore": [
                        {
                            "nbt": "rare.c",
                            "storage": "swrg:lang",
                            "interpret": true,
                            "source": "storage",
                            "type": "nbt"
                        }
                    ],
                    "mode": "replace_all"
                }
            ]
        }
    ]
}