{
    "pools": [
        {
            "rolls": 1,
            "entries": [
                {
                    "type": "minecraft:item",
                    "name": "minecraft:sunflower",
                    "functions": [
                        {
                            "function": "minecraft:set_custom_data",
                            "tag": "{HideFlags:127,rewardcoin:4}"
                        }
                    ]
                }
            ],
            "functions": [
                {
                    "function": "minecraft:set_lore",
                    "entity": "this",
                    "lore": [
                        {
                            "nbt": "rare.d",
                            "storage": "swrg:lang",
                            "interpret": true,
                            "source": "storage",
                            "type": "nbt"
                        }
                    ],
                    "mode": "replace_all"
                },
                {
                    "function": "minecraft:set_name",
                    "entity": "this",
                    "name": {
                        "nbt": "gui.coins",
                        "storage": "swrg:lang",
                        "interpret": true,
                        "color": "aqua",
                        "extra": [
                            {
                                "text": " x500",
                                "type": "text"
                            }
                        ],
                        "source": "storage",
                        "type": "nbt"
                    }
                }
            ]
        }
    ]
}