{
    "pools": [
        {
            "rolls": 1,
            "entries": [
                {
                    "type": "minecraft:item",
                    "name": "minecraft:trial_key",
                    "functions": [
                        {
                            "function": "minecraft:set_lore",
                            "entity": "this",
                            "lore": [
                                {
                                    "nbt": "page6000.s11.Lore[0]",
                                    "storage": "swrg:lang",
                                    "interpret": true,
                                    "source": "storage",
                                    "type": "nbt"
                                },
                                {
                                    "nbt": "page6000.s11.Lore[1]",
                                    "storage": "swrg:lang",
                                    "interpret": true,
                                    "source": "storage",
                                    "type": "nbt"
                                }
                            ],
                            "mode": "replace_all"
                        },
                        {
                            "function": "minecraft:set_name",
                            "entity": "this",
                            "name": {
                                "nbt": "page6000.s11.Name",
                                "storage": "swrg:lang",
                                "interpret": true,
                                "source": "storage",
                                "type": "nbt"
                            }
                        }
                    ]
                }
            ]
        }
    ]
}