{
    "pools": [
        {
            "rolls": 1,
            "entries": [
                {
                    "type": "minecraft:item",
                    "name": "minecraft:player_head",
                    "functions": [
                        {
                            "function": "minecraft:set_custom_data",
                            "tag": "{display:{Name:'{\"text\":\"\u0420\u0443\u0441\u0441\u043a\u0438\u0439\",\"color\":\"green\",\"italic\":false}'},SkullOwner:{Id:[I;-2070126325,-1577170709,-2079637529,1979101039],Properties:{textures:[{Value:\"eyJ0ZXh0dXJlcyI6eyJTS0lOIjp7InVybCI6Imh0dHA6Ly90ZXh0dXJlcy5taW5lY3JhZnQubmV0L3RleHR1cmUvMTZlYWZlZjk4MGQ2MTE3ZGFiZTg5ODJhYzRiNDUwOTg4N2UyYzQ2MjFmNmE4ZmU1YzliNzM1YTgzZDc3NWFkIn19fQ==\"}]}}}"
                        }
                    ]
                }
            ]
        }
    ]
}