{
    "pools": [
        {
            "rolls": 1,
            "entries": [
                {
                    "type": "minecraft:item",
                    "name": "minecraft:barrier",
                    "functions": [
                        {
                            "function": "minecraft:set_name",
                            "name": {
                                "translate": "block.minecraft.barrier",
                                "color": "light_purple",
                                "italic": false
                            }
                        },
                        {
                            "function": "minecraft:set_custom_data",
                            "tag": "{rewardbar:17}"
                        },
                        {
                            "function": "minecraft:set_components",
                            "components": {
                                "minecraft:hide_additional_tooltip": {}
                            }
                        }
                    ]
                }
            ]
        }
    ]
}