{
    "pools": [
        {
            "rolls": 1,
            "entries": [
                {
                    "type": "minecraft:item",
                    "name": "minecraft:red_mushroom_block",
                    "functions": [
                        {
                            "function": "minecraft:set_components",
                            "components": {
                                "minecraft:block_state": {
                                    "down": "false",
                                    "up": "false",
                                    "south": "false",
                                    "north": "false",
                                    "east": "false",
                                    "west": "false"
                                }
                            }
                        },
                        {
                            "function": "minecraft:set_attributes",
                            "modifiers": [
                                {
                                    "id": "minecraft:dsyhujiafghbahjcbjklfdhasbhjdfvkaj",
                                    "attribute": "minecraft:spawn_reinforcements",
                                    "amount": {
                                        "min": 5,
                                        "max": 11,
                                        "type": "minecraft:uniform"
                                    },
                                    "operation": "add_value",
                                    "slot": "mainhand"
                                }
                            ]
                        },
                        {
                            "function": "minecraft:set_components",
                            "components": {
                                "minecraft:item_model": "lbc:lucky_block"
                            }
                        },
                        {
                            "function": "minecraft:set_name",
                            "name": [
                                {
                                    "text": "Lucky Block",
                                    "color": "yellow",
                                    "italic": false,
                                    "type": "text"
                                }
                            ]
                        },
                        {
                            "function": "minecraft:set_lore",
                            "lore": [
                                {
                                    "text": "Made by: FaffledHedgehog, Scuferis,",
                                    "color": "gray",
                                    "italic": false,
                                    "type": "text"
                                },
                                {
                                    "text": "Swagrumm9690_, JastSh2sh",
                                    "color": "gray",
                                    "italic": false,
                                    "type": "text"
                                }
                            ],
                            "mode": "replace_all"
                        }
                    ]
                }
            ]
        },
        {
            "rolls": 1,
            "entries": [
                {
                    "type": "minecraft:item",
                    "name": "minecraft:arrow",
                    "functions": [
                        {
                            "function": "minecraft:set_attributes",
                            "modifiers": [
                                {
                                    "id": "minecraft:dsfasdasdvcasdv",
                                    "attribute": "minecraft:spawn_reinforcements",
                                    "amount": {
                                        "min": 16,
                                        "max": 29,
                                        "type": "minecraft:uniform"
                                    },
                                    "operation": "add_value",
                                    "slot": "mainhand"
                                }
                            ]
                        }
                    ]
                }
            ],
            "conditions": [
                {
                    "condition": "minecraft:random_chance",
                    "chance": 0.6
                }
            ]
        },
        {
            "rolls": 1,
            "entries": [
                {
                    "type": "minecraft:item",
                    "name": "minecraft:ender_pearl",
                    "functions": [
                        {
                            "function": "minecraft:set_attributes",
                            "modifiers": [
                                {
                                    "id": "minecraft:asdfadf",
                                    "attribute": "minecraft:spawn_reinforcements",
                                    "amount": {
                                        "min": 1,
                                        "max": 3,
                                        "type": "minecraft:uniform"
                                    },
                                    "operation": "add_value",
                                    "slot": "mainhand"
                                }
                            ]
                        }
                    ]
                }
            ],
            "conditions": [
                {
                    "condition": "minecraft:random_chance",
                    "chance": 0.15
                }
            ]
        },
        {
            "rolls": 1,
            "entries": [
                {
                    "type": "minecraft:item",
                    "name": "minecraft:diamond_pickaxe",
                    "weight": 1
                },
                {
                    "type": "minecraft:item",
                    "name": "minecraft:diamond_axe",
                    "weight": 1,
                    "functions": [
                        {
                            "function": "minecraft:set_enchantments",
                            "enchantments": {
                                "minecraft:efficiency": {
                                    "min": 3,
                                    "max": 5,
                                    "type": "minecraft:uniform"
                                }
                            },
                            "add": true,
                            "conditions": [
                                {
                                    "condition": "minecraft:random_chance",
                                    "chance": 0.9
                                }
                            ]
                        }
                    ]
                }
            ],
            "conditions": [
                {
                    "condition": "minecraft:random_chance",
                    "chance": 0.8
                }
            ]
        },
        {
            "rolls": 1,
            "entries": [
                {
                    "type": "minecraft:item",
                    "name": "minecraft:compass",
                    "functions": [
                        {
                            "function": "minecraft:set_name",
                            "entity": "this",
                            "name": {
                                "nbt": "item.compass",
                                "storage": "swrg:lang",
                                "interpret": true,
                                "source": "storage",
                                "type": "nbt"
                            }
                        }
                    ]
                }
            ],
            "conditions": [
                {
                    "condition": "minecraft:random_chance",
                    "chance": 0.9
                }
            ]
        },
        {
            "rolls": 1,
            "entries": [
                {
                    "type": "minecraft:item",
                    "name": "minecraft:flint_and_steel",
                    "weight": 1
                },
                {
                    "type": "minecraft:item",
                    "name": "minecraft:tnt",
                    "weight": 2,
                    "functions": [
                        {
                            "function": "minecraft:set_attributes",
                            "modifiers": [
                                {
                                    "id": "minecraft:adsfasfsdf",
                                    "attribute": "minecraft:spawn_reinforcements",
                                    "amount": {
                                        "min": 12,
                                        "max": 21,
                                        "type": "minecraft:uniform"
                                    },
                                    "operation": "add_value",
                                    "slot": "mainhand"
                                }
                            ]
                        }
                    ]
                }
            ],
            "conditions": [
                {
                    "condition": "minecraft:random_chance",
                    "chance": 0.93
                }
            ]
        },
        {
            "rolls": 1,
            "entries": [
                {
                    "type": "minecraft:item",
                    "name": "minecraft:water_bucket",
                    "weight": 1
                },
                {
                    "type": "minecraft:item",
                    "name": "minecraft:lava_bucket",
                    "weight": 1
                }
            ]
        },
        {
            "rolls": 1,
            "entries": [
                {
                    "type": "minecraft:item",
                    "name": "minecraft:golden_carrot",
                    "functions": [
                        {
                            "function": "minecraft:set_attributes",
                            "modifiers": [
                                {
                                    "id": "minecraft:dsafadsfdac",
                                    "attribute": "minecraft:spawn_reinforcements",
                                    "amount": {
                                        "min": 4,
                                        "max": 13,
                                        "type": "minecraft:uniform"
                                    },
                                    "operation": "add_value",
                                    "slot": "mainhand"
                                }
                            ]
                        }
                    ]
                }
            ],
            "conditions": [
                {
                    "condition": "minecraft:random_chance",
                    "chance": 0.8
                }
            ]
        },
        {
            "rolls": 1,
            "entries": [
                {
                    "type": "minecraft:item",
                    "name": "minecraft:golden_apple",
                    "functions": [
                        {
                            "function": "minecraft:set_attributes",
                            "modifiers": [
                                {
                                    "id": "minecraft:asdfgsdfaccad",
                                    "attribute": "minecraft:spawn_reinforcements",
                                    "amount": {
                                        "min": 1,
                                        "max": 3,
                                        "type": "minecraft:uniform"
                                    },
                                    "operation": "add_value",
                                    "slot": "mainhand"
                                }
                            ]
                        }
                    ]
                }
            ],
            "conditions": [
                {
                    "condition": "minecraft:random_chance",
                    "chance": 0.75
                }
            ]
        },
        {
            "rolls": 1,
            "entries": [
                {
                    "type": "minecraft:item",
                    "name": "minecraft:oak_planks",
                    "weight": 1,
                    "functions": [
                        {
                            "function": "minecraft:set_attributes",
                            "modifiers": [
                                {
                                    "id": "minecraft:fshaghdsvsddvfd",
                                    "attribute": "minecraft:spawn_reinforcements",
                                    "amount": {
                                        "min": 40,
                                        "max": 65,
                                        "type": "minecraft:uniform"
                                    },
                                    "operation": "add_value",
                                    "slot": "mainhand"
                                }
                            ]
                        }
                    ]
                },
                {
                    "type": "minecraft:item",
                    "name": "minecraft:stone",
                    "weight": 1,
                    "functions": [
                        {
                            "function": "minecraft:set_attributes",
                            "modifiers": [
                                {
                                    "id": "minecraft:dsaggddshasf",
                                    "attribute": "minecraft:spawn_reinforcements",
                                    "amount": {
                                        "min": 20,
                                        "max": 65,
                                        "type": "minecraft:uniform"
                                    },
                                    "operation": "add_value",
                                    "slot": "mainhand"
                                }
                            ]
                        }
                    ]
                }
            ],
            "conditions": [
                {
                    "condition": "minecraft:random_chance",
                    "chance": 0.9
                }
            ]
        },
        {
            "rolls": 1,
            "entries": [
                {
                    "type": "minecraft:item",
                    "name": "minecraft:bow",
                    "functions": [
                        {
                            "function": "minecraft:set_enchantments",
                            "enchantments": {
                                "minecraft:flame": 1
                            },
                            "add": true,
                            "conditions": [
                                {
                                    "condition": "minecraft:random_chance",
                                    "chance": 0.2
                                }
                            ]
                        },
                        {
                            "function": "minecraft:set_enchantments",
                            "enchantments": {
                                "minecraft:power": 1
                            },
                            "add": true,
                            "conditions": [
                                {
                                    "condition": "minecraft:random_chance",
                                    "chance": 0.55
                                }
                            ]
                        }
                    ]
                }
            ],
            "conditions": [
                {
                    "condition": "minecraft:random_chance",
                    "chance": 0.5
                }
            ]
        },
        {
            "rolls": 1,
            "entries": [
                {
                    "type": "minecraft:item",
                    "name": "minecraft:diamond_boots",
                    "weight": 3
                }
            ],
            "conditions": [
                {
                    "condition": "minecraft:random_chance",
                    "chance": 0.7
                }
            ]
        },
        {
            "rolls": 1,
            "entries": [
                {
                    "type": "minecraft:item",
                    "name": "minecraft:diamond_leggings",
                    "weight": 3
                }
            ],
            "conditions": [
                {
                    "condition": "minecraft:random_chance",
                    "chance": 0.65
                }
            ]
        },
        {
            "rolls": 1,
            "entries": [
                {
                    "type": "minecraft:item",
                    "name": "minecraft:diamond_chestplate",
                    "weight": 3
                }
            ],
            "conditions": [
                {
                    "condition": "minecraft:random_chance",
                    "chance": 0.65
                }
            ]
        },
        {
            "rolls": 1,
            "entries": [
                {
                    "type": "minecraft:item",
                    "name": "minecraft:diamond_helmet",
                    "weight": 3
                }
            ],
            "conditions": [
                {
                    "condition": "minecraft:random_chance",
                    "chance": 0.7
                }
            ]
        },
        {
            "rolls": 1,
            "entries": [
                {
                    "type": "minecraft:item",
                    "name": "minecraft:diamond_sword",
                    "functions": [
                        {
                            "function": "minecraft:set_enchantments",
                            "enchantments": {
                                "minecraft:fire_aspect": 1
                            },
                            "add": true,
                            "conditions": [
                                {
                                    "condition": "minecraft:random_chance",
                                    "chance": 0.2
                                }
                            ]
                        },
                        {
                            "function": "minecraft:set_enchantments",
                            "enchantments": {
                                "minecraft:sharpness": 1
                            },
                            "add": true,
                            "conditions": [
                                {
                                    "condition": "minecraft:random_chance",
                                    "chance": 0.15
                                }
                            ]
                        }
                    ]
                }
            ],
            "conditions": [
                {
                    "condition": "minecraft:random_chance",
                    "chance": 0.7
                }
            ]
        }
    ]
}