{
    "type": "minecraft:chest",
    "pools": [
        {
            "rolls": 1,
            "entries": [
                {
                    "type": "minecraft:item",
                    "name": "minecraft:red_mushroom_block",
                    "functions": [
                        {
                            "function": "minecraft:set_attributes",
                            "modifiers": [
                                {
                                    "id": "minecraft:dsgasdxscdfwgasdfafdsaa",
                                    "attribute": "minecraft:spawn_reinforcements",
                                    "amount": 4,
                                    "operation": "add_value",
                                    "slot": "mainhand"
                                }
                            ]
                        },
                        {
                            "function": "minecraft:set_components",
                            "components": {
                                "minecraft:item_model": "lbc:lucky_block",
                                "minecraft:block_state": {
                                    "down": "false",
                                    "up": "false",
                                    "south": "false",
                                    "north": "false",
                                    "east": "false",
                                    "west": "false"
                                }
                            }
                        },
                        {
                            "function": "minecraft:set_name",
                            "name": [
                                {
                                    "text": "Lucky Block",
                                    "color": "yellow",
                                    "italic": false,
                                    "type": "text"
                                }
                            ]
                        },
                        {
                            "function": "minecraft:set_lore",
                            "lore": [
                                {
                                    "text": "Made by: FaffledHedgehog, Scuferis,",
                                    "color": "gray",
                                    "italic": false,
                                    "type": "text"
                                },
                                {
                                    "text": "Swagrumm9690_, JastSh2sh",
                                    "color": "gray",
                                    "italic": false,
                                    "type": "text"
                                }
                            ],
                            "mode": "replace_all"
                        }
                    ]
                }
            ]
        },
        {
            "rolls": 1,
            "entries": [
                {
                    "type": "minecraft:item",
                    "name": "minecraft:bow"
                }
            ],
            "conditions": [
                {
                    "condition": "minecraft:random_chance",
                    "chance": 0.33
                }
            ]
        },
        {
            "rolls": 1,
            "entries": [
                {
                    "type": "minecraft:item",
                    "name": "minecraft:flint_and_steel",
                    "weight": 1
                },
                {
                    "type": "minecraft:item",
                    "name": "minecraft:tnt",
                    "weight": 2,
                    "functions": [
                        {
                            "function": "minecraft:set_attributes",
                            "modifiers": [
                                {
                                    "id": "minecraft:dsgasg",
                                    "attribute": "minecraft:spawn_reinforcements",
                                    "amount": {
                                        "min": 3,
                                        "max": 7,
                                        "type": "minecraft:uniform"
                                    },
                                    "operation": "add_value",
                                    "slot": "mainhand"
                                }
                            ]
                        }
                    ],
                    "conditions": [
                        {
                            "condition": "minecraft:random_chance",
                            "chance": 0.85
                        }
                    ]
                }
            ]
        },
        {
            "rolls": 1,
            "entries": [
                {
                    "type": "minecraft:item",
                    "name": "minecraft:water_bucket",
                    "weight": 3
                },
                {
                    "type": "minecraft:item",
                    "name": "minecraft:lava_bucket",
                    "weight": 1
                }
            ],
            "conditions": [
                {
                    "condition": "minecraft:random_chance",
                    "chance": 0.95
                }
            ]
        },
        {
            "rolls": 1,
            "entries": [
                {
                    "type": "minecraft:item",
                    "name": "minecraft:stone_axe",
                    "weight": 4
                },
                {
                    "type": "minecraft:item",
                    "name": "minecraft:wooden_axe",
                    "weight": 5
                },
                {
                    "type": "minecraft:item",
                    "name": "minecraft:iron_pickaxe",
                    "weight": 6
                },
                {
                    "type": "minecraft:item",
                    "name": "minecraft:stone_pickaxe",
                    "weight": 5
                }
            ],
            "conditions": [
                {
                    "condition": "minecraft:random_chance",
                    "chance": 0.75
                }
            ]
        },
        {
            "rolls": 1,
            "entries": [
                {
                    "type": "minecraft:item",
                    "name": "minecraft:arrow",
                    "functions": [
                        {
                            "function": "minecraft:set_attributes",
                            "modifiers": [
                                {
                                    "id": "minecraft:sagacdaf",
                                    "attribute": "minecraft:spawn_reinforcements",
                                    "amount": {
                                        "min": 4,
                                        "max": 11,
                                        "type": "minecraft:uniform"
                                    },
                                    "operation": "add_value",
                                    "slot": "mainhand"
                                }
                            ]
                        }
                    ],
                    "conditions": [
                        {
                            "condition": "minecraft:random_chance",
                            "chance": 0.8
                        }
                    ]
                }
            ]
        },
        {
            "rolls": 1,
            "entries": [
                {
                    "type": "minecraft:item",
                    "name": "minecraft:bread",
                    "weight": 10,
                    "functions": [
                        {
                            "function": "minecraft:set_attributes",
                            "modifiers": [
                                {
                                    "id": "minecraft:ccccccccccc",
                                    "attribute": "minecraft:spawn_reinforcements",
                                    "amount": {
                                        "min": 2,
                                        "max": 7,
                                        "type": "minecraft:uniform"
                                    },
                                    "operation": "add_value",
                                    "slot": "mainhand"
                                }
                            ]
                        }
                    ]
                },
                {
                    "type": "minecraft:item",
                    "name": "minecraft:golden_apple",
                    "weight": 1
                },
                {
                    "type": "minecraft:item",
                    "name": "minecraft:cooked_porkchop",
                    "weight": 7,
                    "functions": [
                        {
                            "function": "minecraft:set_attributes",
                            "modifiers": [
                                {
                                    "id": "minecraft:zzzzzzzzzzzzzzzzzzzz",
                                    "attribute": "minecraft:spawn_reinforcements",
                                    "amount": {
                                        "min": 5,
                                        "max": 13,
                                        "type": "minecraft:uniform"
                                    },
                                    "operation": "add_value",
                                    "slot": "mainhand"
                                }
                            ]
                        }
                    ]
                }
            ],
            "conditions": [
                {
                    "condition": "minecraft:random_chance",
                    "chance": 0.95
                }
            ]
        },
        {
            "rolls": 1,
            "entries": [
                {
                    "type": "minecraft:item",
                    "name": "minecraft:oak_planks",
                    "weight": 4,
                    "functions": [
                        {
                            "function": "minecraft:set_attributes",
                            "modifiers": [
                                {
                                    "id": "minecraft:zzxc",
                                    "attribute": "minecraft:spawn_reinforcements",
                                    "amount": {
                                        "min": 20,
                                        "max": 33,
                                        "type": "minecraft:uniform"
                                    },
                                    "operation": "add_value",
                                    "slot": "mainhand"
                                }
                            ]
                        }
                    ]
                },
                {
                    "type": "minecraft:item",
                    "name": "minecraft:stone",
                    "weight": 3,
                    "functions": [
                        {
                            "function": "minecraft:set_attributes",
                            "modifiers": [
                                {
                                    "id": "minecraft:grumm9690",
                                    "attribute": "minecraft:spawn_reinforcements",
                                    "amount": {
                                        "min": 16,
                                        "max": 31,
                                        "type": "minecraft:uniform"
                                    },
                                    "operation": "add_value",
                                    "slot": "mainhand"
                                }
                            ]
                        }
                    ]
                }
            ],
            "conditions": [
                {
                    "condition": "minecraft:random_chance",
                    "chance": 0.9
                }
            ]
        },
        {
            "rolls": 1,
            "entries": [
                {
                    "type": "minecraft:item",
                    "name": "minecraft:chainmail_boots"
                }
            ],
            "conditions": [
                {
                    "condition": "minecraft:random_chance",
                    "chance": 0.75
                }
            ]
        },
        {
            "rolls": 1,
            "entries": [
                {
                    "type": "minecraft:item",
                    "name": "minecraft:chainmail_leggings"
                }
            ],
            "conditions": [
                {
                    "condition": "minecraft:random_chance",
                    "chance": 0.65
                }
            ]
        },
        {
            "rolls": 1,
            "entries": [
                {
                    "type": "minecraft:item",
                    "name": "minecraft:chainmail_chestplate"
                }
            ],
            "conditions": [
                {
                    "condition": "minecraft:random_chance",
                    "chance": 0.65
                }
            ]
        },
        {
            "rolls": 1,
            "entries": [
                {
                    "type": "minecraft:item",
                    "name": "minecraft:chainmail_helmet"
                }
            ],
            "conditions": [
                {
                    "condition": "minecraft:random_chance",
                    "chance": 0.75
                }
            ]
        },
        {
            "rolls": 1,
            "entries": [
                {
                    "type": "minecraft:empty",
                    "weight": 5
                },
                {
                    "type": "minecraft:item",
                    "name": "minecraft:iron_sword",
                    "weight": 40
                },
                {
                    "type": "minecraft:item",
                    "name": "minecraft:stone_sword",
                    "weight": 60
                }
            ],
            "functions": [
                {
                    "function": "minecraft:set_enchantments",
                    "enchantments": {
                        "minecraft:sharpness": 1
                    },
                    "add": true,
                    "conditions": [
                        {
                            "condition": "minecraft:random_chance",
                            "chance": 0.3
                        }
                    ]
                },
                {
                    "function": "minecraft:set_enchantments",
                    "enchantments": {
                        "minecraft:knockback": 1
                    },
                    "add": true,
                    "conditions": [
                        {
                            "condition": "minecraft:random_chance",
                            "chance": 0.2
                        }
                    ]
                }
            ]
        }
    ]
}