{
    "pools": [
        {
            "rolls": 1,
            "entries": [
                {
                    "type": "minecraft:item",
                    "name": "minecraft:arrow",
                    "functions": [
                        {
                            "function": "minecraft:set_attributes",
                            "modifiers": [
                                {
                                    "attribute": "minecraft:spawn_reinforcements",
                                    "id": "minecraft:count",
                                    "amount": {
                                        "min": 3,
                                        "max": 17,
                                        "type": "minecraft:uniform"
                                    },
                                    "operation": "add_value",
                                    "slot": "mainhand"
                                }
                            ]
                        }
                    ]
                }
            ],
            "conditions": [
                {
                    "condition": "minecraft:random_chance",
                    "chance": 0.6
                }
            ]
        },
        {
            "rolls": 1,
            "entries": [
                {
                    "type": "minecraft:item",
                    "name": "minecraft:ender_pearl"
                }
            ],
            "conditions": [
                {
                    "condition": "minecraft:random_chance",
                    "chance": 0.2
                }
            ]
        },
        {
            "rolls": 1,
            "entries": [
                {
                    "type": "minecraft:item",
                    "weight": 2,
                    "name": "minecraft:diamond_axe"
                },
                {
                    "type": "minecraft:item",
                    "weight": 3,
                    "name": "minecraft:iron_axe"
                },
                {
                    "type": "minecraft:item",
                    "weight": 2,
                    "name": "minecraft:diamond_pickaxe"
                },
                {
                    "type": "minecraft:item",
                    "weight": 3,
                    "name": "minecraft:iron_pickaxe"
                }
            ],
            "functions": [
                {
                    "function": "minecraft:set_enchantments",
                    "enchantments": {
                        "minecraft:efficiency": {
                            "min": 1,
                            "max": 3,
                            "type": "minecraft:uniform"
                        }
                    },
                    "conditions": [
                        {
                            "condition": "minecraft:random_chance",
                            "chance": 0.75
                        }
                    ]
                }
            ],
            "conditions": [
                {
                    "condition": "minecraft:random_chance",
                    "chance": 0.75
                }
            ]
        },
        {
            "rolls": 1,
            "entries": [
                {
                    "type": "minecraft:item",
                    "name": "minecraft:compass",
                    "functions": [
                        {
                            "function": "minecraft:set_name",
                            "name": {
                                "nbt": "item.compass.Name",
                                "storage": "swrg:lang",
                                "interpret": true,
                                "source": "storage",
                                "type": "nbt"
                            }
                        }
                    ]
                }
            ],
            "conditions": [
                {
                    "condition": "minecraft:random_chance",
                    "chance": 0.25
                }
            ]
        },
        {
            "rolls": 1,
            "entries": [
                {
                    "type": "minecraft:item",
                    "weight": 4,
                    "name": "minecraft:water_bucket"
                },
                {
                    "type": "minecraft:item",
                    "weight": 2,
                    "name": "minecraft:lava_bucket"
                }
            ],
            "conditions": [
                {
                    "condition": "minecraft:random_chance",
                    "chance": 0.6
                }
            ]
        },
        {
            "rolls": 1,
            "entries": [
                {
                    "type": "minecraft:item",
                    "weight": 1,
                    "name": "minecraft:flint_and_steel"
                },
                {
                    "type": "minecraft:item",
                    "weight": 2,
                    "name": "minecraft:tnt",
                    "functions": [
                        {
                            "function": "minecraft:set_attributes",
                            "modifiers": [
                                {
                                    "attribute": "minecraft:spawn_reinforcements",
                                    "id": "minecraft:count",
                                    "amount": {
                                        "min": 8,
                                        "max": 13,
                                        "type": "minecraft:uniform"
                                    },
                                    "operation": "add_value",
                                    "slot": "mainhand"
                                }
                            ]
                        }
                    ]
                }
            ],
            "conditions": [
                {
                    "condition": "minecraft:random_chance",
                    "chance": 0.7
                }
            ]
        },
        {
            "rolls": 1,
            "entries": [
                {
                    "type": "minecraft:item",
                    "weight": 9,
                    "name": "minecraft:cooked_porkchop",
                    "functions": [
                        {
                            "function": "minecraft:set_attributes",
                            "modifiers": [
                                {
                                    "attribute": "minecraft:spawn_reinforcements",
                                    "id": "minecraft:count",
                                    "amount": {
                                        "min": 4,
                                        "max": 17,
                                        "type": "minecraft:uniform"
                                    },
                                    "operation": "add_value",
                                    "slot": "mainhand"
                                }
                            ]
                        }
                    ]
                },
                {
                    "type": "minecraft:item",
                    "weight": 10,
                    "name": "minecraft:bread",
                    "functions": [
                        {
                            "function": "minecraft:set_attributes",
                            "modifiers": [
                                {
                                    "attribute": "minecraft:spawn_reinforcements",
                                    "id": "minecraft:count",
                                    "amount": {
                                        "min": 3,
                                        "max": 10,
                                        "type": "minecraft:uniform"
                                    },
                                    "operation": "add_value",
                                    "slot": "mainhand"
                                }
                            ]
                        }
                    ]
                },
                {
                    "type": "minecraft:item",
                    "weight": 4,
                    "name": "minecraft:golden_apple",
                    "functions": [
                        {
                            "function": "minecraft:set_attributes",
                            "modifiers": [
                                {
                                    "attribute": "minecraft:spawn_reinforcements",
                                    "id": "minecraft:count",
                                    "amount": {
                                        "min": 1,
                                        "max": 2,
                                        "type": "minecraft:uniform"
                                    },
                                    "operation": "add_value",
                                    "slot": "mainhand"
                                }
                            ]
                        }
                    ],
                    "conditions": [
                        {
                            "condition": "minecraft:random_chance",
                            "chance": 0.95
                        }
                    ]
                }
            ]
        },
        {
            "rolls": 1,
            "entries": [
                {
                    "type": "minecraft:item",
                    "name": "minecraft:bow",
                    "functions": [
                        {
                            "function": "minecraft:set_enchantments",
                            "enchantments": {
                                "minecraft:flame": 1
                            },
                            "add": true,
                            "conditions": [
                                {
                                    "condition": "minecraft:random_chance",
                                    "chance": 0.05
                                }
                            ]
                        },
                        {
                            "function": "minecraft:set_enchantments",
                            "enchantments": {
                                "minecraft:power": 1
                            },
                            "add": true,
                            "conditions": [
                                {
                                    "condition": "minecraft:random_chance",
                                    "chance": 0.09
                                }
                            ]
                        }
                    ]
                }
            ],
            "conditions": [
                {
                    "condition": "minecraft:random_chance",
                    "chance": 0.3
                }
            ]
        },
        {
            "rolls": 1,
            "entries": [
                {
                    "type": "minecraft:item",
                    "weight": 4,
                    "name": "minecraft:oak_planks",
                    "functions": [
                        {
                            "function": "minecraft:set_attributes",
                            "modifiers": [
                                {
                                    "attribute": "minecraft:spawn_reinforcements",
                                    "id": "minecraft:count",
                                    "amount": {
                                        "min": 20,
                                        "max": 47,
                                        "type": "minecraft:uniform"
                                    },
                                    "operation": "add_value",
                                    "slot": "mainhand"
                                }
                            ]
                        }
                    ]
                },
                {
                    "type": "minecraft:item",
                    "weight": 3,
                    "name": "minecraft:stone",
                    "functions": [
                        {
                            "function": "minecraft:set_attributes",
                            "modifiers": [
                                {
                                    "attribute": "minecraft:spawn_reinforcements",
                                    "id": "minecraft:count",
                                    "amount": {
                                        "min": 16,
                                        "max": 33,
                                        "type": "minecraft:uniform"
                                    },
                                    "operation": "add_value",
                                    "slot": "mainhand"
                                }
                            ]
                        }
                    ]
                }
            ],
            "conditions": [
                {
                    "condition": "minecraft:random_chance",
                    "chance": 0.92
                }
            ]
        },
        {
            "rolls": 1,
            "entries": [
                {
                    "type": "minecraft:item",
                    "weight": 3,
                    "name": "minecraft:iron_boots",
                    "functions": [
                        {
                            "function": "minecraft:set_enchantments",
                            "enchantments": {
                                "minecraft:protection": {
                                    "min": 1,
                                    "max": 2,
                                    "type": "minecraft:uniform"
                                }
                            },
                            "add": true,
                            "conditions": [
                                {
                                    "condition": "minecraft:random_chance",
                                    "chance": 0.7
                                }
                            ]
                        }
                    ]
                },
                {
                    "type": "minecraft:item",
                    "weight": 2,
                    "name": "minecraft:diamond_boots"
                }
            ],
            "conditions": [
                {
                    "condition": "minecraft:random_chance",
                    "chance": 0.9
                }
            ]
        },
        {
            "rolls": 1,
            "entries": [
                {
                    "type": "minecraft:item",
                    "weight": 3,
                    "name": "minecraft:iron_leggings",
                    "functions": [
                        {
                            "function": "minecraft:set_enchantments",
                            "enchantments": {
                                "minecraft:protection": {
                                    "min": 1,
                                    "max": 2,
                                    "type": "minecraft:uniform"
                                }
                            },
                            "add": true,
                            "conditions": [
                                {
                                    "condition": "minecraft:random_chance",
                                    "chance": 0.8
                                }
                            ]
                        }
                    ]
                },
                {
                    "type": "minecraft:item",
                    "weight": 2,
                    "name": "minecraft:diamond_leggings"
                }
            ],
            "conditions": [
                {
                    "condition": "minecraft:random_chance",
                    "chance": 0.9
                }
            ]
        },
        {
            "rolls": 1,
            "entries": [
                {
                    "type": "minecraft:item",
                    "weight": 3,
                    "name": "minecraft:iron_chestplate",
                    "functions": [
                        {
                            "function": "minecraft:set_enchantments",
                            "enchantments": {
                                "minecraft:protection": {
                                    "min": 2,
                                    "max": 4,
                                    "type": "minecraft:uniform"
                                }
                            },
                            "conditions": [
                                {
                                    "condition": "minecraft:random_chance",
                                    "chance": 0.6
                                }
                            ]
                        }
                    ]
                },
                {
                    "type": "minecraft:item",
                    "weight": 2,
                    "name": "minecraft:diamond_chestplate"
                }
            ],
            "conditions": [
                {
                    "condition": "minecraft:random_chance",
                    "chance": 0.9
                }
            ]
        },
        {
            "rolls": 1,
            "entries": [
                {
                    "type": "minecraft:item",
                    "weight": 3,
                    "name": "minecraft:iron_helmet",
                    "functions": [
                        {
                            "function": "minecraft:set_enchantments",
                            "enchantments": {
                                "minecraft:protection": {
                                    "min": 1,
                                    "max": 2,
                                    "type": "minecraft:uniform"
                                }
                            },
                            "conditions": [
                                {
                                    "condition": "minecraft:random_chance",
                                    "chance": 0.8
                                }
                            ]
                        }
                    ]
                },
                {
                    "type": "minecraft:item",
                    "weight": 2,
                    "name": "minecraft:diamond_helmet"
                }
            ],
            "conditions": [
                {
                    "condition": "minecraft:random_chance",
                    "chance": 0.9
                }
            ]
        },
        {
            "rolls": 1,
            "entries": [
                {
                    "type": "minecraft:empty",
                    "weight": 30
                },
                {
                    "type": "minecraft:item",
                    "weight": 29,
                    "name": "minecraft:diamond_sword"
                },
                {
                    "type": "minecraft:item",
                    "weight": 50,
                    "name": "minecraft:iron_sword"
                }
            ],
            "functions": [
                {
                    "function": "minecraft:set_enchantments",
                    "enchantments": {
                        "minecraft:fire_aspect": 1
                    },
                    "add": true,
                    "conditions": [
                        {
                            "condition": "minecraft:random_chance",
                            "chance": 0.2
                        }
                    ]
                },
                {
                    "function": "minecraft:set_enchantments",
                    "enchantments": {
                        "minecraft:sharpness": 1
                    },
                    "add": true,
                    "conditions": [
                        {
                            "condition": "minecraft:random_chance",
                            "chance": 0.5
                        }
                    ]
                }
            ],
            "conditions": [
                {
                    "condition": "minecraft:random_chance",
                    "chance": 0.9
                }
            ]
        }
    ]
}