{
    "condition": "minecraft:any_of",
    "terms": [
        {
            "condition": "minecraft:entity_properties",
            "entity": "this",
            "predicate": {
                "nbt": "{Tags:[\"swrg.center\"]}"
            }
        },
        {
            "condition": "minecraft:entity_properties",
            "entity": "this",
            "predicate": {
                "nbt": "{Tags:[\"swrg.midle\"]}"
            }
        },
        {
            "condition": "minecraft:entity_properties",
            "entity": "this",
            "predicate": {
                "nbt": "{Tags:[\"swrg.default\"]}"
            }
        }
    ]
}