{
    "condition": "minecraft:any_of",
    "terms": [
        {
            "condition": "minecraft:entity_properties",
            "entity": "this",
            "predicate": {
                "nbt": "{Inventory:[{id:\"minecraft:compass\",Slot:0b}]}"
            }
        },
        {
            "condition": "minecraft:entity_properties",
            "entity": "this",
            "predicate": {
                "nbt": "{Inventory:[{id:\"minecraft:compass\",Slot:1b}]}"
            }
        },
        {
            "condition": "minecraft:entity_properties",
            "entity": "this",
            "predicate": {
                "nbt": "{Inventory:[{id:\"minecraft:compass\",Slot:2b}]}"
            }
        },
        {
            "condition": "minecraft:entity_properties",
            "entity": "this",
            "predicate": {
                "nbt": "{Inventory:[{id:\"minecraft:compass\",Slot:3b}]}"
            }
        },
        {
            "condition": "minecraft:entity_properties",
            "entity": "this",
            "predicate": {
                "nbt": "{Inventory:[{id:\"minecraft:compass\",Slot:4b}]}"
            }
        },
        {
            "condition": "minecraft:entity_properties",
            "entity": "this",
            "predicate": {
                "nbt": "{Inventory:[{id:\"minecraft:compass\",Slot:5b}]}"
            }
        },
        {
            "condition": "minecraft:entity_properties",
            "entity": "this",
            "predicate": {
                "nbt": "{Inventory:[{id:\"minecraft:compass\",Slot:6b}]}"
            }
        },
        {
            "condition": "minecraft:entity_properties",
            "entity": "this",
            "predicate": {
                "nbt": "{Inventory:[{id:\"minecraft:compass\",Slot:7b}]}"
            }
        },
        {
            "condition": "minecraft:entity_properties",
            "entity": "this",
            "predicate": {
                "nbt": "{Inventory:[{id:\"minecraft:compass\",Slot:8b}]}"
            }
        },
        {
            "condition": "minecraft:entity_properties",
            "entity": "this",
            "predicate": {
                "nbt": "{Inventory:[{id:\"minecraft:compass\",Slot:-106b}]}"
            }
        }
    ]
}