{
    "pools": [
        {
            "rolls": 1,
            "entries": [
                {
                    "type": "minecraft:item",
                    "name": "minecraft:music_disc_mellohi",
                    "functions": [
                        {
                            "function": "minecraft:set_name",
                            "name": {
                                "translate": "entity.minecraft.pig",
                                "color": "blue",
                                "italic": false
                            }
                        },
                        {
                            "function": "minecraft:set_custom_data",
                            "tag": "{rewardsound:7}"
                        },
                        {
                            "function": "minecraft:set_components",
                            "components": {
                                "minecraft:hide_additional_tooltip": {}
                            }
                        }
                    ]
                }
            ]
        }
    ]
}